--
-- PostgreSQL database dump
--

\restrict 0WClUVp4PiYuzTN9kvE1GW4ibemX7zSR1FPCtJB5Q4MZnwk7pJdccLom3Dq43zZ

-- Dumped from database version 18.3
-- Dumped by pg_dump version 18.3

SET statement_timeout = 0;
SET lock_timeout = 0;
SET idle_in_transaction_session_timeout = 0;
SET transaction_timeout = 0;
SET client_encoding = 'UTF8';
SET standard_conforming_strings = on;
SELECT pg_catalog.set_config('search_path', '', false);
SET check_function_bodies = false;
SET xmloption = content;
SET client_min_messages = warning;
SET row_security = off;

SET default_tablespace = '';

SET default_table_access_method = heap;

--
-- Name: consultas; Type: TABLE; Schema: public; Owner: postgres
--

CREATE TABLE public.consultas (
    id bigint NOT NULL,
    data_hora timestamp(6) without time zone NOT NULL,
    observacoes character varying(255),
    status character varying(255) NOT NULL,
    medico_id bigint NOT NULL,
    paciente_id bigint NOT NULL
);


ALTER TABLE public.consultas OWNER TO postgres;

--
-- Name: consultas_id_seq; Type: SEQUENCE; Schema: public; Owner: postgres
--

ALTER TABLE public.consultas ALTER COLUMN id ADD GENERATED BY DEFAULT AS IDENTITY (
    SEQUENCE NAME public.consultas_id_seq
    START WITH 1
    INCREMENT BY 1
    NO MINVALUE
    NO MAXVALUE
    CACHE 1
);


--
-- Name: medicos; Type: TABLE; Schema: public; Owner: postgres
--

CREATE TABLE public.medicos (
    id bigint NOT NULL,
    crm character varying(255) NOT NULL,
    email character varying(255) NOT NULL,
    nome character varying(255) NOT NULL,
    telefone character varying(255) NOT NULL
);


ALTER TABLE public.medicos OWNER TO postgres;

--
-- Name: medicos_id_seq; Type: SEQUENCE; Schema: public; Owner: postgres
--

ALTER TABLE public.medicos ALTER COLUMN id ADD GENERATED BY DEFAULT AS IDENTITY (
    SEQUENCE NAME public.medicos_id_seq
    START WITH 1
    INCREMENT BY 1
    NO MINVALUE
    NO MAXVALUE
    CACHE 1
);


--
-- Name: pacientes; Type: TABLE; Schema: public; Owner: postgres
--

CREATE TABLE public.pacientes (
    id bigint NOT NULL,
    cpf character varying(255) NOT NULL,
    data_nascimento date NOT NULL,
    email character varying(255) NOT NULL,
    nome character varying(255) NOT NULL,
    telefone character varying(255) NOT NULL
);


ALTER TABLE public.pacientes OWNER TO postgres;

--
-- Name: pacientes_id_seq; Type: SEQUENCE; Schema: public; Owner: postgres
--

ALTER TABLE public.pacientes ALTER COLUMN id ADD GENERATED BY DEFAULT AS IDENTITY (
    SEQUENCE NAME public.pacientes_id_seq
    START WITH 1
    INCREMENT BY 1
    NO MINVALUE
    NO MAXVALUE
    CACHE 1
);


--
-- Data for Name: consultas; Type: TABLE DATA; Schema: public; Owner: postgres
--

COPY public.consultas (id, data_hora, observacoes, status, medico_id, paciente_id) FROM stdin;
28	2026-05-20 09:00:00	Consulta de rotina	AGENDADA	9	16
29	2026-05-21 10:30:00	\N	AGENDADA	10	17
30	2026-05-22 14:00:00	Retorno pós-exame	AGENDADA	9	18
31	2026-05-23 08:00:00	\N	AGENDADA	11	19
32	2026-05-15 11:00:00	Paciente sem queixas	REALIZADA	10	20
33	2026-05-10 09:30:00	Prescrito medicamento	REALIZADA	12	21
34	2026-05-08 15:00:00	Paciente desmarcou	CANCELADA	11	22
35	2026-05-25 16:00:00	\N	AGENDADA	12	23
36	2026-05-27 13:00:00	Primeira consulta	AGENDADA	11	16
37	2026-05-12 10:00:00	\N	REALIZADA	10	18
\.


--
-- Data for Name: medicos; Type: TABLE DATA; Schema: public; Owner: postgres
--

COPY public.medicos (id, crm, email, nome, telefone) FROM stdin;
9	CRM/RS 12345	roberto.alves@clinica.com	Dr. Roberto Alves	(51) 98111-1111
10	CRM/RS 23456	camila.torres@clinica.com	Dra. Camila Torres	(51) 98222-2222
11	CRM/RS 34567	marcelo.santos@clinica.com	Dr. Marcelo Santos	(51) 98333-3333
12	CRM/RS 45678	patricia.nunes@clinica.com	Dra. Patricia Nunes	(51) 98444-4444
\.


--
-- Data for Name: pacientes; Type: TABLE DATA; Schema: public; Owner: postgres
--

COPY public.pacientes (id, cpf, data_nascimento, email, nome, telefone) FROM stdin;
16	111.111.111-11	1985-03-15	joao.silva@email.com	João Silva	(51) 99111-1111
17	222.222.222-22	1990-07-22	maria.souza@email.com	Maria Souza	(51) 99222-2222
18	333.333.333-33	1978-11-05	carlos.lima@email.com	Carlos Lima	(51) 99333-3333
19	444.444.444-44	1995-01-30	ana.rocha@email.com	Ana Paula Rocha	(51) 99444-4444
20	555.555.555-55	1988-06-18	pedro.costa@email.com	Pedro Henrique Costa	(51) 99555-5555
21	666.666.666-66	2000-09-12	fernanda.oli@email.com	Fernanda Oliveira	(51) 99666-6666
22	777.777.777-77	1993-04-25	lucas.martins@email.com	Lucas Martins	(51) 99777-7777
23	888.888.888-88	1982-12-08	juliana.fer@email.com	Juliana Ferreira	(51) 99888-8888
\.


--
-- Name: consultas_id_seq; Type: SEQUENCE SET; Schema: public; Owner: postgres
--

SELECT pg_catalog.setval('public.consultas_id_seq', 37, true);


--
-- Name: medicos_id_seq; Type: SEQUENCE SET; Schema: public; Owner: postgres
--

SELECT pg_catalog.setval('public.medicos_id_seq', 12, true);


--
-- Name: pacientes_id_seq; Type: SEQUENCE SET; Schema: public; Owner: postgres
--

SELECT pg_catalog.setval('public.pacientes_id_seq', 24, true);


--
-- Name: consultas consultas_pkey; Type: CONSTRAINT; Schema: public; Owner: postgres
--

ALTER TABLE ONLY public.consultas
    ADD CONSTRAINT consultas_pkey PRIMARY KEY (id);


--
-- Name: medicos medicos_pkey; Type: CONSTRAINT; Schema: public; Owner: postgres
--

ALTER TABLE ONLY public.medicos
    ADD CONSTRAINT medicos_pkey PRIMARY KEY (id);


--
-- Name: pacientes pacientes_pkey; Type: CONSTRAINT; Schema: public; Owner: postgres
--

ALTER TABLE ONLY public.pacientes
    ADD CONSTRAINT pacientes_pkey PRIMARY KEY (id);


--
-- Name: pacientes uk1mj2svx930q0tkx1d18qa9rtf; Type: CONSTRAINT; Schema: public; Owner: postgres
--

ALTER TABLE ONLY public.pacientes
    ADD CONSTRAINT uk1mj2svx930q0tkx1d18qa9rtf UNIQUE (cpf);


--
-- Name: medicos ukrxsweypth0bpyhxpvfd9sfgh3; Type: CONSTRAINT; Schema: public; Owner: postgres
--

ALTER TABLE ONLY public.medicos
    ADD CONSTRAINT ukrxsweypth0bpyhxpvfd9sfgh3 UNIQUE (crm);


--
-- Name: consultas fk9ufe3uh84ex5uofhsubaan07m; Type: FK CONSTRAINT; Schema: public; Owner: postgres
--

ALTER TABLE ONLY public.consultas
    ADD CONSTRAINT fk9ufe3uh84ex5uofhsubaan07m FOREIGN KEY (medico_id) REFERENCES public.medicos(id);


--
-- Name: consultas fke93cdauso5jd1y4bdpox45n4t; Type: FK CONSTRAINT; Schema: public; Owner: postgres
--

ALTER TABLE ONLY public.consultas
    ADD CONSTRAINT fke93cdauso5jd1y4bdpox45n4t FOREIGN KEY (paciente_id) REFERENCES public.pacientes(id);


--
-- PostgreSQL database dump complete
--

\unrestrict 0WClUVp4PiYuzTN9kvE1GW4ibemX7zSR1FPCtJB5Q4MZnwk7pJdccLom3Dq43zZ

